LETRA;NOMBRE;DESC;TAG;ubicacion;TEL;WEB
A;Academia Libre de Derechos Humanos, A.C.;Divulgar el saber y el debate libre de ideas sobre Derechos Humanos.;Enseñanza de derechos humanos a través de medios electrónicos.;Calle Gral. Carlos Salazar Pte. #745, Centro, Monterrey.;81 2927 0610;Página web: https://aldh.mx www.tiktok.com/@docddhh www.youtube.com/@ALDDHH www.instagram.com/docddhh/ www.twitch.tv/docddhh www.facebook.com/ALDHMX
A;"Acciona e Incluye, S.A.S de C.V. LSC: Lengua de Señas Mexicana, Plataforma Educativa
";Servicios de interpretación y traducción para personas con discapacidad auditiva.;Interpretación de Lengua de Señas Mexicana (LSM) y talleres de sensibilización.;Miguel Angel #451, Misión Real Apodaca. ;81 1066 1698;
A;"ACODEMIS, A.C. Acción Colectiva por los Derechos de las Minorías Sexuales, A.C.
";Luchar contra la discriminación de las minorías sexuales.;"Pruebas rápidas de VIH, Sífilis y Hepatitis C; promoción de trato equitativo.";Washington #947 Ote y Villagrán #637 Nte, Monterrey. ;81 8345 0927;www.acodemis.org/incidencia www.facebook.com/AcodemisAc
A;ADH-TIM (Desarrollo Humano e Infraestructura);Asistencia social, jurídica y fomento de la economía popular.;Defensa de derechos humanos y capacitación para trabajadores.;Calle Comitan #428, Mitras Norte, Monterrey. ;81 8460 4393;
A;Adopción y Acogimiento Familiar de México, A.C.;Restituir el derecho de niños y adolescentes a vivir en familia.;Asesoría en adopción, acogimiento familiar y talleres de parentalidad.;Circuito Azorín #1629, Jardín Español, Monterrey. ;81 8358 3096;Facebook: ABBA. Adopción y acogimiento familiar
A;AIESEC México, A.C.;Fomentar el desarrollo científico y tecnológico mediante el intercambio.;Conferencias, seminarios e intercambios de estudiantes y profesionales.;Álvaro Obregón #124, Roma Norte, CDMX. ;81 2080 8855;www.acodemis.org/incidencia.html facebook: www.facebook.com/AcodemisAC
A;AIRA Unidos frente al cáncer (APOM);Atención asistencial y rehabilitación médica para personas con cáncer.;Acompañamiento psicológico individual y grupos de apoyo quincenales.;Factores Mutuos #410, Col. Leones, Monterrey. ;81 2340 6740;www.aira.org.mx   Facebook.com: airaasociacion Instagram: aira_asociacion
A;Alianza Anticáncer Infantil, A.B.P;Asistencia médica gratuita a niños con cáncer de escasos recursos.;Banco de medicamentos, albergue, apoyo nutricional y traslados.;Fabriles #1845, Col. Fabriles, Monterrey. ;81 8191 1070;www.acancer.org, facebook: anticancerinfantil
A;Altoparlante, A.C.;Promover la participación ciudadana y profesionalizar a otras OSC.;Asesoría legal (notarial, fiscal) y banco de materiales en especie.;Cuatrociénegas #2011, Mitras Centro, Monterrey.;81 8250 4684;
A;AMESPRE A.C.;Representación y defensa de la industria prendaria.;Investigación y análisis del sector de servicios prendarios.;Av. Vasconcelos #210 Ote, San Pedro Garza García.;;
A;Andares, ABP;Inclusión y capacitación de adultos con discapacidad intelectual.;Servicios residenciales y capacitación técnica para el empleo.;Carr. Nacional km 255 Nte, Santiago, N.L. ;81 8451 0048;
A;ANVRIDN A.C.;Apoyo a personas con discapacidad neuromotora.;Préstamo y donación de equipo ortopédico (sillas, camas, oxígeno).;Juan Escutia #952 Nte, Col. Obrera, Monterrey. ;81 8374 2830;
A;Arthemisas por la Equidad, A.C.;Promover el respeto a los derechos humanos de mujeres y niñas.;Impulso de reformas legales y políticas públicas de igualdad.;;;
A;Asistencia Integral para la Superación Personal, A.C.;Asistencia jurídica para la niñez y readaptación social.;Gestión de certificados SEP y asesoría para exámenes de admisión.;Tapia #1310 Ote, Col. Centro, Monterrey. ;81 8179 5383;
A;Asociación Alzheimer de Monterrey, A.C.;Bienestar de pacientes con Alzheimer y sus cuidadores.;Entrega de pañales, equipo médico y becas para asilos.;Ignacio Luis Vallarta #910 Sur, Mirador, Monterrey. ;81 8340 4051;
A;Asociación de Hemofilia Siloé, A.C.;Apoyo a personas con hemofilia de escasos recursos.;Capacitación en aplicación de fármacos y gestión de medicamentos.;5ta Avenida #103, Col. Guerra, Guadalupe.;81 8460 4393;
A;Asociación de Sordos de Nuevo León, A.C.;Difundir problemáticas de las personas sordas y conciencia social.;Promover la inclusión y apoyo a la comunidad sorda.;;81 1374 1232;
A;Asociación de Trabajadores Especiales, A.C.;Ayuda técnica y profesional en medicina y rehabilitación.;Capacitación para el trabajo y vinculación para apoyos técnicos.;Lucio Cabañas #6909 Nte, Tierra y Libertad, Mty. ;81 2167 4362;
A;Asociación Regiomontana de Fibrosis Quística, A.C.;Divulgación sobre la problemática de la fibrosis quística.;Campañas de conocimiento y apoyo a pacientes nacionales.;Ruperto Martínez #1338 Pte, Centro, Monterrey. ;81 8349 2009;
A;Autismo Arena (Niños Autistas ABP);Terapias de apoyo para la integración educativa y social.;Ayuda integral a familiares y terapias ocupacionales.;Antonio Caso #600, Valle del Contry, Guadalupe. ;81 8115 6165;
A;Autismo, A.B.P.;Investigación, prevención y educación sobre el autismo.;Capacitación a médicos y orientación a padres de familia.;Ignacio Allende #1140 Ote, Centro, Monterrey. ;81 3107 7582;
A;Auxilio Legal y Asistencia Social (ALAS);Asesoría y representación jurídica gratuita.;Casos de pensión alimenticia, divorcios y custodia de menores.;Calle Matamoros #622 Pte, Centro, Monterrey.;81 8343 8649;
A;Avance por los Derechos de México, A.C.;Apoyo a personas vulnerables y familias de presos.;Donativos en especie, asesoría legal, médica y psicológica.;;;
C;C.T. Portal de Luz, A.C.;Rehabilitación de alcohólicos y farmacodependientes.;Grupos de autoayuda y terapia familiar para reinserción.;Hidalgo #714, Centro, García, N.L.;81 2369 1371;
C;C.T. Regalo, A.C.;Rehabilitación de personas con adicciones.;Tratamiento de alcoholismo y farmacodependencia.;San Pablo #110, Col. San Gilberto, Santa Catarina. ;81 1234 3218;
C;C.T. Sin Miedo a Vivir, A.C.;Rehabilitación de adicciones con enfoque biopsicosocial.;Tratamiento residencial para varones y apoyo familiar.;Juárez #118, San Sebastián, Guadalupe.;81 1768 3939;
C;CANADEM (Cámara Nacional de la Mujer);Empoderamiento y apoyo integral a la mujer.;Asistencia social, legal y programas de desarrollo personal.;Francisco Zarco #1105, Col. Centro, Monterrey. ;81 2141 0532;
C;Casa Azul, apoyo Craneofaciodental, A.C.;Atención médica a personas con malformaciones craneofaciales.;Cirugías y tratamientos para labio y paladar hendido.;Río Amazonas #325, Ote, Col. Del Valle, San Pedro GG.;81 8356 6122;
C;Casa de Rescate, A.C.;Rehabilitación de adicciones y atención a menores abandonados.;Internamiento terapéutico y asistencia en salud y educación.;Mirto #263, Frac. Artemio Treviño, Apodaca. ;81 2320 6299;
C;Casa INDI (Indigentes, A.C.);Respeto a derechos humanos de personas en situación de calle.;Albergue, comedor, atención médica y psicológica.;Miguel Nieto #2506, Col. Industrial, Mty. ;81 8374 7221;
C;Casa Mi Ángel, A.B.P.;Protección a mujeres embarazadas y madres con bebés.;Entrega de pañales, leche y artículos de higiene (bebés 0-2 años).;Mariano Escobedo #113 Sur, Centro, Monterrey.;81 8345 9987;
C;Casa Monarca (Ayuda al Migrante ABP);Protección de derechos de personas migrantes.;Albergue, alimentación, atención médica y asesoría jurídica.;Calle Hidalgo #100, Centro, Santa Catarina.;81 8390 6305;
C;Casa para Ancianos Monte Carmelo, A.C.;Calidad de vida para adultos mayores en desamparo.;Casa hogar, alimentación y actividades de convivencia social.;Lamosa #3301, Col. Valle del Mirador, Monterrey.;81 8359 5396;
C;Casa Paterna La Gran Familia, A.C.;Resguardo de niñas, niños y adolescentes (NNA).;Residencia, educación y capacitación para acogimiento familiar.;Carr. Nacional km 255, Santiago, N.L. ;81 8266 0060;
C;Centro Cultural Lumen, A.C.;Formación de profesionales para atención de personas mayores.;Maestrías, bachilleratos técnicos y talleres de investigación.;Washington #215 Ote, Centro, Monterrey. ;81 8343 4913;
C;Centro de Estudios Itzam Ná, A.C.;Desarrollo social y comunitario en zonas vulnerables.;Programas educativos y de apoyo a la subsistencia.;;;
C;Centro de Estudios Jurídicos de Monterrey;Investigación y enseñanza en el área del derecho.;Cursos de actualización jurídica y defensa de derechos.;;;
C;Centro de Integración Juvenil, A.C.;Prevención y tratamiento del consumo de drogas.;Consulta externa, hospitalización y rehabilitación.;Raúl Calderón G. #240, Sertoma, Monterrey. ;81 8348 0291;
C;CISS (Salud Sexual y VIH/Sida A.C.);Prevención y atención de salud sexual y VIH.;Pruebas de detección, consejería y campañas preventivas.;M.M. del Llano #1106, Centro, Monterrey. ;81 8344 3216;
C;Clínica Los de Jiménez A.C.;Atención médica y de subsistencia para grupos vulnerables.;Tratamiento contra adicciones y cursos de salud mental.;Mariano Jiménez #727, Centro, Monterrey. ;81 2909 7312;
C;Club Canófilo Sultana del Norte A.C.;Cría responsable y apoyo con perros guía.;Defensa legal animal y asistencia para personas con discapacidad.;Portal de Cumbres, Monterrey. ;81 1563 6207;
C;CMPGPC (Gestión de Riesgos y Protección Civil);Enseñanza y asesoría en protección civil.;Capacitación y certificación ante desastres.;;81 8320 5093;
C;Colectivo Zona Ruah;Promoción de la cultura, paz y derechos humanos.;Talleres artísticos y programas de mediación comunitaria.;;;
C;Comparte M, A.C.;Desarrollo comunitario y asistencia alimentaria.;Programas de voluntariado y entrega de apoyos básicos.;;;
C;CONAPRE (Prevención de Conductas Antisociales);Prevención del delito y conductas antisociales.;Capacitación a consejeros y programas de prevención social.;;;
C;Conquista y Victoria, A.C.;Rehabilitación de alcoholismo y farmacodependencia.;Internamiento residencial de 6 meses para hombres.;MM del Llano #1516, Centro, Monterrey.;81 1665 6532;
C;Conquistando Victorias;Apoyo a personas con discapacidad motriz (distrofia muscular).;Fisioterapia, equipo médico y gestión de inclusión laboral.;;;
C;Consorcio Danzón;Fomento de la cultura y recreación para adultos mayores.;Difusión del danzón como medio de integración social.;;;
C;CRECE, A.C. (Clínica de Rehabilitación);Rehabilitación de adicciones y orientación social.;Terapia psicológica en comunidad terapéutica para varones.;Durazno #2500, Col. Moderna, Monterrey. ;81 1993 5737;
E;Esclerosis Múltiple Concierto de Vida, A.C.;Atención integral y rehabilitación para pacientes con esclerosis múltiple.;Terapias de rehabilitación física y suministro de medicamentos.;Albino Espinosa #1047 Pte, Centro, Monterrey. ;81 2089 5091;
F;Fundación Karla De la Cuesta (Alas Abiertas);Prevención de la trata de personas y violencia.;Conferencias de sensibilización y apoyo a víctimas.;;;
F;Fundación San Gabriel, A.C.;Apoyo a personas con discapacidad intelectual.;Talleres de desarrollo de habilidades y acompañamiento.;;;
G;Gente Pequeña de Nuevo León, A.C.;Inclusión de personas con talla baja.;Campañas de visibilización y adecuación de espacios públicos.;;;
G;Grupo de Autoapoyo el Roble, A.C.;Calidad de vida para personas que viven con VIH-SIDA.;Banco de medicamentos y pruebas rápidas de detección.;Tlacopan S/N, Unidad Modelo, Monterrey. ;81 8310 1938;
I;IMER (Instituto de la Mujer Restaurada, A.C.);Prevención de violencia intrafamiliar y explotación.;Asesoría legal y pláticas sobre derechos de las mujeres.;La Barca #4833, Los Altos, Monterrey. ;81 2473 7843;
I;Infancia Plena (Lobos MG, A.C.);Protección de derechos de la infancia y juventud.;Actividades deportivas y educativas para prevención de riesgos.;;;
I;INGENIUM, A.B.P.;Educación en salud mental para pacientes y familias.;Cursos sobre depresión, ansiedad y esquizofrenia.;;;
I;Inst. Nac. de Consultoría Familiar, A.C.;Fortalecimiento de la estructura familiar.;Diplomados en mediación familiar y terapia de pareja.;;;
I;Institución RENACE, A.B.P.;Mejora de la justicia penal y apoyo a personas injustamente presas.;Asesoría jurídica legal y reinserción social de ex-internos.;;;
I;Instituto Down Monterrey, A.B.P.;Educación y atención para personas con Síndrome de Down.;Programas educativos desde bebés y acompañamiento familiar.;San Pío X #1100 Sur, Monterrey. ;81 8345 7790;
I;Invidentes Unidos de Monterrey, A.C.;Inclusión social de personas con discapacidad visual.;Cursos de Braille, movilidad y capacitación tecnológica.;;;
J;Jóvenes por los DH México, A.C.;Educación en derechos humanos para la juventud.;Campañas educativas y materiales didácticos sobre la ONU.;;;
L;La Divina Providencia, A.B.P.;Asistencia a niños y ancianos en situación de abandono.;Albergue y cuidados básicos de salud y alimentación.;;;
L;Libre Mariposa A.C.;Atención a indígenas, migrantes y grupos vulnerables.;Asistencia jurídica migratoria y fomento económico.;Cenizo #139, Mirasol, Monterrey.;81 1425 5012;
M;Manos que Sanan, A.C.;Ayuda humanitaria en hospitales y sectores pobres.;Reparto de comida, despensas y donación de sangre.;Albino Espinosa #1714, Centro, Monterrey. ;81 3672 0277;
P;Psicólogos Profesionales de Nuevo León, A.C.;Integrar recursos en la práctica de la psicología.;Consulta psicológica, cursos, diplomados y talleres.;;;
R;Rescatando Vidas, A.C. (Internamiento);Rehabilitación de adicciones (física y mental).;Comunidad terapéutica de 12 pasos y atención psiquiátrica.;23 de abril #1257, Fco. I. Madero, Mty. ;81 2160 3245;
S;Sexualidades, A.C.;Educación sexual y empoderamiento.;Salud reproductiva y atención psicológica especializada.;Huichapan #882, Mitras Centro, Monterrey. ;81 1874 0688;
S;Sin Fronteras, I.A.P.;Promoción y defensa de derechos de migrantes y refugiados.;Acompañamiento legal y psicosocial a población migrante.;;;
S;SOSAC (Sociedad Sostenible, A.C.);Desarrollo indígena y protección del medio ambiente.;Preservación de flora/fauna y promoción sustentable.;Ave. Del Estado #208, Tecnológico, Monterrey.;;
U;Un Milagro de Vida, A.C.;Apoyo a personas con enfermedades terminales o crónicas.;Asistencia médica, paliativa y apoyo emocional.;;;
V;VIFAC (Vida y Familia Monterrey);Apoyo a mujeres embarazadas en estado vulnerable.;Alojamiento, atención médica y capacitación para el trabajo.;;81 8314 5543;
V;Voluntarias Vicentinas de Monterrey, A.C.;Calidad de vida en salud, educación y empleo para pobres.;Guarderías, comedores y centros de higiene.;Ave. San Jerónimo #808 B Pte, Monterrey.;81 8346 9800;
Z;Zihuame Mochilla, A.C.;Promoción y mejora de vida de la población indígena.;Talleres de sensibilización y orientación legal para indígenas.;Julián Villagrán #116, Centro, Monterrey. ;81 8343 9673;
